Name,Slug,Collection ID,Locale ID,Item ID,Archived,Draft,Created On,Updated On,Published On,Thumbnail,Type,Link,SEO Meta Description,Sort Order
Alfalfa Sprouting Seeds,alfalfa-sprouting-seeds,6361e11759a8ce1f38210911,653ad7e5e882f528b34b59f5,65dfa25887ed4cadf97e5109,false,false,Wed Feb 28 2024 21:15:04 GMT+0000 (Coordinated Universal Time),Sat Jul 04 2026 04:55:02 GMT+0000 (Coordinated Universal Time),Sat Jul 04 2026 16:01:07 GMT+0000 (Coordinated Universal Time),https://cdn.prod.website-files.com/631c222e0a44893e29da4930/65dfa251379276d09b97ae32_81plKHcIokL._AC_SL1500_.avif,pantry-items,https://amzn.to/3NyNwhd,"Grow nutrient-rich alfalfa sprouts at home with Nature Jims Organic Alfalfa Seeds — 16 oz non-GMO, vitamin and mineral-packed, resealable for freshness.",1
"Anything You Can Cook, I Can Cook Vegan",anything-you-can-cook-i-can-cook-vegan,6361e11759a8ce1f38210911,653ad7e5e882f528b34b59f5,65052cef5222e6f03fd48344,false,false,Sat Sep 16 2023 04:19:59 GMT+0000 (Coordinated Universal Time),Sat Jul 04 2026 04:55:03 GMT+0000 (Coordinated Universal Time),Sat Jul 04 2026 16:01:07 GMT+0000 (Coordinated Universal Time),https://cdn.prod.website-files.com/631c222e0a44893e29da4930/65052c894f484347914c2e44_71b2j-hgJ3L._SL1500_.avif,books,https://amzn.to/3PF784R,"Make any dish plant-based with Anything You Can Cook, I Can Cook Vegan — delicious vegan versions of your favorite meals for every occasion.",2
Atomic Habits,atomic-habits,6361e11759a8ce1f38210911,653ad7e5e882f528b34b59f5,65052e0d72560ca8456ab487,false,false,Sat Sep 16 2023 04:24:45 GMT+0000 (Coordinated Universal Time),Sat Jul 04 2026 04:55:02 GMT+0000 (Coordinated Universal Time),Sat Jul 04 2026 16:01:07 GMT+0000 (Coordinated Universal Time),https://cdn.prod.website-files.com/631c222e0a44893e29da4930/65052e0a72560ca8456ab3cf_81bGKUa1e0L._SL1500_-2.avif,books,https://amzn.to/46aZMLW,"Transform your life with Atomic Habits — a proven, easy-to-follow guide to building good habits, breaking bad ones, and achieving lasting success.",3
Big Vegan Flavor,big-vegan-flavor,6361e11759a8ce1f38210911,653ad7e5e882f528b34b59f5,66c6920b2f71b6217d984196,false,false,Thu Aug 22 2024 01:19:07 GMT+0000 (Coordinated Universal Time),Sat Jul 04 2026 04:55:02 GMT+0000 (Coordinated Universal Time),Sat Jul 04 2026 16:01:07 GMT+0000 (Coordinated Universal Time),https://cdn.prod.website-files.com/631c222e0a44893e29da4930/66c692012c4aa4f91cdfa3fb_71I7gPyDDGL._SL1229_.avif,books,https://amzn.to/3XeykLN,"Master vegan cooking with Big Vegan Flavor — 150 flavorful recipes and expert techniques to create delicious, plant-based meals at home.",4
Blender,blender,6361e11759a8ce1f38210911,653ad7e5e882f528b34b59f5,63b72e54c178300ccf5fa545,false,false,Thu Jan 05 2023 20:08:52 GMT+0000 (Coordinated Universal Time),Sat Jul 04 2026 04:55:02 GMT+0000 (Coordinated Universal Time),Sat Jul 04 2026 16:01:07 GMT+0000 (Coordinated Universal Time),https://cdn.prod.website-files.com/631c222e0a44893e29da4930/63b72e4f4f1274320a0144e4_blender.avif,kitchen-essentials,https://amzn.to/3VIAEGM,"Blend smoothies, soups, and more with the Blendtec Total Classic Original Blender — 90 oz WildSide+ jar, professional-grade power, 6 pre-programmed cycles, 10 speeds.",5
Bob’s Red Mill Large Flake Nutritional Yeast        ,bobs-red-mill-large-flake-nutritional-yeast,6361e11759a8ce1f38210911,653ad7e5e882f528b34b59f5,638ebe5fd8edf6ace8fcfd06,false,false,Tue Dec 06 2022 04:00:31 GMT+0000 (Coordinated Universal Time),Sat Jul 04 2026 04:55:02 GMT+0000 (Coordinated Universal Time),Sat Jul 04 2026 16:01:07 GMT+0000 (Coordinated Universal Time),https://cdn.prod.website-files.com/631c222e0a44893e29da4930/638ebe536acbbae2282e9834_NY.avif,pantry-items,https://amzn.to/45j6QZU,"Add cheesy, nutty flavor with Bob’s Red Mill Nutritional Yeast — 5 oz pack of 4, vegan, paleo-friendly, and kosher, perfect for cooking and seasoning.",6
BOSH!,bosh,6361e11759a8ce1f38210911,653ad7e5e882f528b34b59f5,650531081ae924cb68d4bc18,false,false,Sat Sep 16 2023 04:37:28 GMT+0000 (Coordinated Universal Time),Sat Jul 04 2026 04:55:02 GMT+0000 (Coordinated Universal Time),Sat Jul 04 2026 16:01:07 GMT+0000 (Coordinated Universal Time),https://cdn.prod.website-files.com/631c222e0a44893e29da4930/650530ff2606cfa31fea0391_81APQwmZVRL._SL1500_.avif,books,https://amzn.to/48koL16,"Enjoy delicious plant-based meals with BOSH! — simple, amazing, all-plant recipes from the popular BOSH series for easy and flavorful cooking.",7
Broccoli Sprouting Seeds,broccoli-sprouting-seeds,6361e11759a8ce1f38210911,653ad7e5e882f528b34b59f5,65dfa2f79b3c6c92a006d050,false,false,Wed Feb 28 2024 21:17:43 GMT+0000 (Coordinated Universal Time),Sat Jul 04 2026 04:55:03 GMT+0000 (Coordinated Universal Time),Sat Jul 04 2026 16:01:07 GMT+0000 (Coordinated Universal Time),https://cdn.prod.website-files.com/631c222e0a44893e29da4930/65dfa2f0b9cd598f7d1362c0_81-V8lfkwlL._AC_SL1500_.avif,pantry-items,https://amzn.to/4dYOJZZ,"Grow nutritious broccoli sprouts at home with Nature Jims Organic Broccoli Seeds — certified non-GMO, rich in sulforaphane, fast-growing microgreens, 8 oz.",8
Cacao Powder,cacao-powder,6361e11759a8ce1f38210911,653ad7e5e882f528b34b59f5,63b73b5d9e5bc62e34115c47,false,false,Thu Jan 05 2023 21:04:29 GMT+0000 (Coordinated Universal Time),Sat Jul 04 2026 04:55:03 GMT+0000 (Coordinated Universal Time),Sat Jul 04 2026 16:01:07 GMT+0000 (Coordinated Universal Time),https://cdn.prod.website-files.com/631c222e0a44893e29da4930/63b73b55372e5f74e3a80f2c_Cacao%20Powder.avif,pantry-items,https://amzn.to/3CsRDWS,"Enhance recipes with Navitas Organics Cacao Powder — 8 oz, 1:1 cocoa substitute, regenerative organic, non-GMO, fair trade, gluten-free, perfect for baking and hot chocolate.",9
Cast Iron Dutch Oven Pot,cast-iron-dutch-oven-pot,6361e11759a8ce1f38210911,653ad7e5e882f528b34b59f5,6938ed460ca2aef21a649462,false,false,Wed Dec 10 2025 03:47:18 GMT+0000 (Coordinated Universal Time),Sat Jul 04 2026 04:55:03 GMT+0000 (Coordinated Universal Time),Sat Jul 04 2026 16:01:07 GMT+0000 (Coordinated Universal Time),https://cdn.prod.website-files.com/631c222e0a44893e29da4930/6938ed0fa068ac1f8697a364_51PQ4m1A7eL._AC_SL1500_.jpg,kitchen-essentials,https://amzn.to/4p41yYx,"Heavy‑duty 6‑Qt enameled cast‑iron Dutch oven — oven‑safe, durable, and ideal for stews, roasts & casseroles. Perfect for everyday cooking.",10
Chia Seeds,chia-seeds,6361e11759a8ce1f38210911,653ad7e5e882f528b34b59f5,63b73b98a251894aab92ae3d,false,false,Thu Jan 05 2023 21:05:28 GMT+0000 (Coordinated Universal Time),Sat Jul 04 2026 04:55:02 GMT+0000 (Coordinated Universal Time),Sat Jul 04 2026 16:01:07 GMT+0000 (Coordinated Universal Time),https://cdn.prod.website-files.com/631c222e0a44893e29da4930/63b73b8e0988e109fb458ab0_Chia%20Seeds.avif,pantry-items,https://amzn.to/3X6uL7t,"Boost nutrition with Navitas Organics Chia Seeds — 8 oz bag, USDA organic, non-GMO, keto-friendly, rich in omega-3, fiber, and minerals, perfect for puddings, smoothies, and baking.",11
Chipotle Peppers in Adobo Sauce,chipotle-peppers-in-adobo-sauce,6361e11759a8ce1f38210911,653ad7e5e882f528b34b59f5,645e9300478aa10b10ec7d53,false,false,Fri May 12 2023 19:26:56 GMT+0000 (Coordinated Universal Time),Sat Jul 04 2026 04:55:02 GMT+0000 (Coordinated Universal Time),Sat Jul 04 2026 16:01:07 GMT+0000 (Coordinated Universal Time),https://cdn.prod.website-files.com/631c222e0a44893e29da4930/645e92fc9c1916f565f9cf4f_71JUzRJWGIL._SL1500_.avif,pantry-items,https://amzn.to/3Mn6wPV,"Add smoky heat to your meals with La Costeña Chipotle Peppers in Adobo Sauce — 12 oz, 3-pack, perfect for tacos, enchiladas, salsas, and Mexican dishes.",12
Citrus Juicer,citrus-juicer,6361e11759a8ce1f38210911,653ad7e5e882f528b34b59f5,63b730b30fb70ef383b623ac,false,false,Thu Jan 05 2023 20:18:59 GMT+0000 (Coordinated Universal Time),Sat Jul 04 2026 04:55:02 GMT+0000 (Coordinated Universal Time),Sat Jul 04 2026 16:01:07 GMT+0000 (Coordinated Universal Time),https://cdn.prod.website-files.com/631c222e0a44893e29da4930/63b73a61b7adb32bc550a649_Citrus%20Juicer.avif,kitchen-essentials,https://amzn.to/3FOibqm,"Enjoy fresh juice effortlessly with the Breville BCP600SIL Citrus Press — motorized juicer, silver finish, perfect for oranges, lemons, and other citrus fruits.
",13
Coffee Maker,coffee-maker,6361e11759a8ce1f38210911,653ad7e5e882f528b34b59f5,63b731031774783750c98767,false,false,Thu Jan 05 2023 20:20:19 GMT+0000 (Coordinated Universal Time),Sat Jul 04 2026 04:55:03 GMT+0000 (Coordinated Universal Time),Sat Jul 04 2026 16:01:07 GMT+0000 (Coordinated Universal Time),https://cdn.prod.website-files.com/631c222e0a44893e29da4930/638bd9dd3109027e3f78edc4_coffee%20maker.jpeg,kitchen-essentials,https://amzn.to/3CsL5rg,"Brew hot or iced coffee your way with the Ninja Specialty Coffee Maker CM401 — 6 brew styles, 8 sizes, fold-away frother, 10-cup carafe, and removable reservoir in black.",14
Complement Essential ,complement-essential,6361e11759a8ce1f38210911,653ad7e5e882f528b34b59f5,689fab26c0ce1db6c7c4d161,false,false,Fri Aug 15 2025 21:48:22 GMT+0000 (Coordinated Universal Time),Sat Jul 04 2026 04:55:02 GMT+0000 (Coordinated Universal Time),Sat Jul 04 2026 16:01:07 GMT+0000 (Coordinated Universal Time),https://cdn.prod.website-files.com/631c222e0a44893e29da4930/689faaf39ee493b5b4b97539_complement-essential-product-pouch-front-view.jpg.avif,pantry-items,https://lovecomplement.com?aff=269,"Optimize your plant-based diet with COMPLEMENT® Essential — a convenient daily multivitamin with key vitamins, minerals, and sustainably-sourced omega-3s.",15
Cutting Board,cutting-board,6361e11759a8ce1f38210911,653ad7e5e882f528b34b59f5,63b72d9714795e3f6bb49e88,false,false,Thu Jan 05 2023 20:05:43 GMT+0000 (Coordinated Universal Time),Sat Jul 04 2026 04:55:03 GMT+0000 (Coordinated Universal Time),Sat Jul 04 2026 16:01:07 GMT+0000 (Coordinated Universal Time),https://cdn.prod.website-files.com/631c222e0a44893e29da4930/63b738187d7d6dd8316875ed_Cutting%20Board.avif,kitchen-essentials,https://amzn.to/3ZinKm2,"Chop and slice with the John Boos 16""x10"" Maple Cutting Board — reversible, edge-grain butcher block, 1” thick, finger grips, made in the USA for durable kitchen use.",16
Deliciously Ella Making Plant-Based Quick and Easy,deliciously-ella-making-plant-based-quick-and-easy,6361e11759a8ce1f38210911,653ad7e5e882f528b34b59f5,65052f45e3d3d219b50f42a1,false,false,Sat Sep 16 2023 04:29:57 GMT+0000 (Coordinated Universal Time),Sat Jul 04 2026 04:55:02 GMT+0000 (Coordinated Universal Time),Sat Jul 04 2026 16:01:07 GMT+0000 (Coordinated Universal Time),https://cdn.prod.website-files.com/631c222e0a44893e29da4930/65052f4259d5455d5f972e83_81FWEd-CksL._SL1500_.avif,books,https://amzn.to/3rphtsi,Cook plant-based meals fast with Deliciously Ella: Making Plant-Based Quick and Easy — 10- & 20-minute recipes plus big-batch cooking ideas.,17
Disposable Tea Filter Bags for Loose Tea,disposable-tea-filter-bags-for-loose-tea,6361e11759a8ce1f38210911,653ad7e5e882f528b34b59f5,63d33f91148e81ce572f3919,false,false,Fri Jan 27 2023 03:05:53 GMT+0000 (Coordinated Universal Time),Sat Jul 04 2026 04:55:02 GMT+0000 (Coordinated Universal Time),Sat Jul 04 2026 16:01:07 GMT+0000 (Coordinated Universal Time),https://cdn.prod.website-files.com/631c222e0a44893e29da4930/63d33f7de0f84883ff351a0d_Disposable%20Tea%20Filter%20Bags%20for%20Loose%20Tea.avif,kitchen-essentials,https://amzn.to/3HB4JnS,"Brew loose leaf tea easily with Eco-Fil Disposable Tea Filter Bags — 100 biodegradable, compostable, unbleached sachets with drawstring, 3.2” x 4” each.",18
Dried Soybeans,dried-soybeans,6361e11759a8ce1f38210911,653ad7e5e882f528b34b59f5,644c2212bc8e44c5f811e41d,false,false,Fri Apr 28 2023 19:44:18 GMT+0000 (Coordinated Universal Time),Sat Jul 04 2026 04:55:03 GMT+0000 (Coordinated Universal Time),Sat Jul 04 2026 16:01:07 GMT+0000 (Coordinated Universal Time),https://cdn.prod.website-files.com/631c222e0a44893e29da4930/644c2199bc8e445a731178b6_71rZTP2F8EL._SL1500_.jpg,pantry-items,https://amzn.to/3AVI1CZ,"Get protein-packed Be Still Farms Organic Soybeans — 4.8 lb bulk, USA-grown, USDA certified, vegan, non-GMO, gluten-free, perfect for edamame, soy milk, or tofu.",19
Fermentation Kit,fermentation-kit,6361e11759a8ce1f38210911,653ad7e5e882f528b34b59f5,687d829a582a5801a3fb7d96,false,false,Sun Jul 20 2025 23:58:18 GMT+0000 (Coordinated Universal Time),Sat Jul 04 2026 04:55:03 GMT+0000 (Coordinated Universal Time),Sat Jul 04 2026 16:01:07 GMT+0000 (Coordinated Universal Time),https://cdn.prod.website-files.com/631c222e0a44893e29da4930/687d8282630295adab07907e_81qhryVugdS._AC_SL1500_.avif,kitchen-essentials,https://amzn.to/4lXnkfg,Easily ferment vegetables at home with the Masontops Complete Mason Jar Fermentation Kit — includes small & regular mouth jars and all DIY essentials.,20
Fiber Fueled,fiber-fueled,6361e11759a8ce1f38210911,653ad7e5e882f528b34b59f5,65052c11085693abaccd0515,false,false,Sat Sep 16 2023 04:16:17 GMT+0000 (Coordinated Universal Time),Sat Jul 04 2026 04:55:03 GMT+0000 (Coordinated Universal Time),Sat Jul 04 2026 16:01:07 GMT+0000 (Coordinated Universal Time),https://cdn.prod.website-files.com/631c222e0a44893e29da4930/65052c0e085693abaccd03a9_Screenshot%202023-09-15%20at%209.15.49%20PM.avif,books,https://amzn.to/3rhXQ5A,Boost gut health and lose weight with Fiber Fueled — a plant-based program to restore your health and optimize your microbiome naturally.,21
Flaxseed Meal,flaxseed-meal,6361e11759a8ce1f38210911,653ad7e5e882f528b34b59f5,63b73d37f07213b7ff16fdbd,false,false,Thu Jan 05 2023 21:12:23 GMT+0000 (Coordinated Universal Time),Sat Jul 04 2026 04:55:03 GMT+0000 (Coordinated Universal Time),Sat Jul 04 2026 16:01:07 GMT+0000 (Coordinated Universal Time),https://cdn.prod.website-files.com/631c222e0a44893e29da4930/63b73d316cbb0564d7d55aff_Flaxseed%20Meal.avif,pantry-items,https://amzn.to/3VJdCjb,"Add wholesome nutrition with Bob’s Red Mill Organic Golden Flaxseed Meal — 16 oz, gluten-free, whole ground, perfect for baking, smoothies, and healthy recipes.",22
Food Processor,food-processor,6361e11759a8ce1f38210911,653ad7e5e882f528b34b59f5,63b72f0f1328d59932ab9c6c,false,false,Thu Jan 05 2023 20:11:59 GMT+0000 (Coordinated Universal Time),Sat Jul 04 2026 04:55:03 GMT+0000 (Coordinated Universal Time),Sat Jul 04 2026 16:01:07 GMT+0000 (Coordinated Universal Time),https://cdn.prod.website-files.com/631c222e0a44893e29da4930/63b72f0bd45e854da91e6a85_Food%20Processor.avif,kitchen-essentials,https://amzn.to/3IrOAlr,"Prep meals effortlessly with the Cuisinart 14-Cup Food Processor — chop, dice, shred, puree, and knead dough with stainless steel blades, model DFP-14BCNY.",23
Fridge Love,fridge-love,6361e11759a8ce1f38210911,653ad7e5e882f528b34b59f5,65052e4cb16786b8182ebd45,false,false,Sat Sep 16 2023 04:25:48 GMT+0000 (Coordinated Universal Time),Sat Jul 04 2026 04:55:03 GMT+0000 (Coordinated Universal Time),Sat Jul 04 2026 16:01:07 GMT+0000 (Coordinated Universal Time),https://cdn.prod.website-files.com/631c222e0a44893e29da4930/65052e3f085693abacce6aff_81HnZ2u0YCL._SL1500_-2.avif,books,https://amzn.to/46eCd56,"Organize your fridge and eat healthier with Fridge Love — practical tips and 100 recipes to create a happier, more organized kitchen life.",24
Frother Wand,frother-wand,6361e11759a8ce1f38210911,653ad7e5e882f528b34b59f5,68a7e885abf41ac59ef088d4,false,false,Fri Aug 22 2025 03:48:21 GMT+0000 (Coordinated Universal Time),Sat Jul 04 2026 04:55:03 GMT+0000 (Coordinated Universal Time),Sat Jul 04 2026 16:01:07 GMT+0000 (Coordinated Universal Time),https://cdn.prod.website-files.com/631c222e0a44893e29da4930/68a7e86895cf9864e06e71e4_81Mo7FNBk5L._AC_SL1500_.avif,kitchen-essentials,https://amzn.to/4mDTg8Y,"Create café-quality lattes and cappuccinos at home with the Zulay Kitchen Executive Milk Frother — upgraded handheld electric wand, perfect coffee gift.",25
Glass Meal Prep Containers,glass-meal-prep-containers,6361e11759a8ce1f38210911,653ad7e5e882f528b34b59f5,63d33f2655588563a4bc9850,false,false,Fri Jan 27 2023 03:04:06 GMT+0000 (Coordinated Universal Time),Sat Jul 04 2026 04:55:03 GMT+0000 (Coordinated Universal Time),Sat Jul 04 2026 16:01:07 GMT+0000 (Coordinated Universal Time),https://cdn.prod.website-files.com/631c222e0a44893e29da4930/63d33f16e45ed1722a493de8_Glass%20Meal%20Prep%20Containers.avif,kitchen-essentials,https://amzn.to/404FilU,"Meal prep made easy with M MCIRCO 5-Pack Glass Lunch Containers — 36 oz, 3 compartments, microwave, oven, freezer, and dishwasher safe for convenient bento-style meals.",26
Glass Milk Bottle,glass-milk-bottle,6361e11759a8ce1f38210911,653ad7e5e882f528b34b59f5,63ed4fd70eb52f030985dcc5,false,false,Wed Feb 15 2023 21:34:15 GMT+0000 (Coordinated Universal Time),Sat Jul 04 2026 04:55:02 GMT+0000 (Coordinated Universal Time),Sat Jul 04 2026 16:01:07 GMT+0000 (Coordinated Universal Time),https://cdn.prod.website-files.com/631c222e0a44893e29da4930/63ed4fd333ebb0687785e071_614sfDRh0ML._AC_SL1500_.avif,kitchen-essentials,https://amzn.to/3YQ9QGw,"Store and serve beverages in style with the Libbey Glass Milk Bottle — 33.5 oz capacity with lid, perfect for milk, juice, smoothies, and more.",27
Good Planet Olive Oil Cheddar Shreds,good-planet-olive-oil-cheddar-shreds,6361e11759a8ce1f38210911,653ad7e5e882f528b34b59f5,6973ee443f9503103874dc59,false,false,Fri Jan 23 2026 21:55:16 GMT+0000 (Coordinated Universal Time),Sat Jul 04 2026 04:55:03 GMT+0000 (Coordinated Universal Time),Sat Jul 04 2026 16:01:07 GMT+0000 (Coordinated Universal Time),https://cdn.prod.website-files.com/631c222e0a44893e29da4930/6973ee1c12d6cdff13c29030_81g2PB7fOBL._SL1500_.jpg,food,https://amzn.to/4sYflmg,"Vegan Good Planet Olive Oil Cheddar Shreds – dairy-free, plant-based shredded cheese made with olive oil. Perfect for pizzas, tacos & everyday recipes.",28
Hemp Seeds,hemp-seeds,6361e11759a8ce1f38210911,653ad7e5e882f528b34b59f5,63b73d7974960159fe7d8496,false,false,Thu Jan 05 2023 21:13:29 GMT+0000 (Coordinated Universal Time),Sat Jul 04 2026 04:55:02 GMT+0000 (Coordinated Universal Time),Sat Jul 04 2026 16:01:07 GMT+0000 (Coordinated Universal Time),https://cdn.prod.website-files.com/631c222e0a44893e29da4930/63b73d706054e928c5d3d204_Hemp%20Seeds.avif,,https://amzn.to/3GHIZ9h,"Boost nutrition with Navitas Organics Hemp Seeds — 8 oz bag, USDA organic, non-GMO, gluten-free, vegan, rich in protein, essential fatty acids, and minerals for smoothies, salads, and more.",29
How Not to Age,how-not-to-age,6361e11759a8ce1f38210911,653ad7e5e882f528b34b59f5,65052bcb765f4a8e40d74e13,false,false,Sat Sep 16 2023 04:15:07 GMT+0000 (Coordinated Universal Time),Sat Jul 04 2026 04:55:03 GMT+0000 (Coordinated Universal Time),Sat Jul 04 2026 16:01:07 GMT+0000 (Coordinated Universal Time),https://cdn.prod.website-files.com/631c222e0a44893e29da4930/65052bbe72560ca845694b1e_Screenshot%202023-09-15%20at%209.14.39%20PM.avif,books,https://amzn.to/3PhYTKN,"Stay healthier as you age with How Not to Age — a scientific, evidence-based guide to improving health, longevity, and well-being over time.",30
How Not to Die,how-not-to-die,6361e11759a8ce1f38210911,653ad7e5e882f528b34b59f5,65052b3e5bf387d267af95ad,false,false,Sat Sep 16 2023 04:12:46 GMT+0000 (Coordinated Universal Time),Sat Jul 04 2026 04:55:02 GMT+0000 (Coordinated Universal Time),Sat Jul 04 2026 16:01:07 GMT+0000 (Coordinated Universal Time),https://cdn.prod.website-files.com/631c222e0a44893e29da4930/65052b3a4f484347914aeebc_Screenshot%202023-09-15%20at%209.12.13%20PM.avif,books,https://amzn.to/3sWri1w,How Not to Die: Discover the Foods Scientifically Proven to Prevent and Reverse Disease,31
How Not to Diet,how-not-to-diet,6361e11759a8ce1f38210911,653ad7e5e882f528b34b59f5,65052b9a72560ca845692221,false,false,Sat Sep 16 2023 04:14:18 GMT+0000 (Coordinated Universal Time),Sat Jul 04 2026 04:55:03 GMT+0000 (Coordinated Universal Time),Sat Jul 04 2026 16:01:07 GMT+0000 (Coordinated Universal Time),https://cdn.prod.website-files.com/631c222e0a44893e29da4930/65052b8f72560ca845691793_Screenshot%202023-09-15%20at%209.13.52%20PM.avif,books,https://amzn.to/3LrLiQ1,"Achieve lasting weight loss with How Not to Diet — a science-backed guide to healthy, sustainable, and permanent weight management.",32
Immersion Blender,immersion-blender,6361e11759a8ce1f38210911,653ad7e5e882f528b34b59f5,63b72f9c42f1a0500637777d,false,false,Thu Jan 05 2023 20:14:20 GMT+0000 (Coordinated Universal Time),Sat Jul 04 2026 04:55:03 GMT+0000 (Coordinated Universal Time),Sat Jul 04 2026 16:01:07 GMT+0000 (Coordinated Universal Time),https://cdn.prod.website-files.com/631c222e0a44893e29da4930/63b72f8b0fb70ea987b4b1ca_Immersion%20Blender.avif,kitchen-essentials,https://amzn.to/3Gjsuir,"Blend, chop, and whisk effortlessly with the Braun MultiQuick 7 3-in-1 Immersion Blender — powerful handheld stick, ideal for soups, purees, smoothies, and more.",33
Italian Made Ceramic Nonstick 11 inch Pan,italian-made-ceramic-nonstick-11-inch-pan,6361e11759a8ce1f38210911,653ad7e5e882f528b34b59f5,63d340f0408b9c20a41925e5,false,false,Fri Jan 27 2023 03:11:44 GMT+0000 (Coordinated Universal Time),Sat Jul 04 2026 04:55:03 GMT+0000 (Coordinated Universal Time),Sat Jul 04 2026 16:01:07 GMT+0000 (Coordinated Universal Time),https://cdn.prod.website-files.com/631c222e0a44893e29da4930/63d340d3408b9cc8b9191921_Italian%20Made%20Ceramic%20Nonstick%209.5%20inch%20Pan.avif,kitchen-essentials,https://amzn.to/3XIWI5R,"Cook effortlessly with the DaTerra Cucina 11"" Nonstick Ceramic Frying Pan — oven & induction safe, high-heat resistant, dishwasher safe, stylish volcanic black, made in Italy.",34
Italian Made Ceramic Nonstick 9.5 inch Pan,italian-made-ceramic-nonstick-9-5-inch-pan,6361e11759a8ce1f38210911,653ad7e5e882f528b34b59f5,63d3409ee39a2aad2e250d7d,false,false,Fri Jan 27 2023 03:10:22 GMT+0000 (Coordinated Universal Time),Sat Jul 04 2026 04:55:03 GMT+0000 (Coordinated Universal Time),Sat Jul 04 2026 16:01:07 GMT+0000 (Coordinated Universal Time),https://cdn.prod.website-files.com/631c222e0a44893e29da4930/63d341584a2702108e5eeb93_Italian%20Made%20Ceramic%20Nonstick%209.5%20inch%20Pan.avif,kitchen-essentials,https://amzn.to/3DkNUet,"Cook with ease using the DaTerra Cucina 9.5"" Nonstick Ceramic Frying Pan — oven & induction safe, high-heat resistant, dishwasher safe, stylish volcanic black, made in Italy.",35
Jackfruit,jackfruit,6361e11759a8ce1f38210911,653ad7e5e882f528b34b59f5,64543793cebaf945cd49fb68,false,false,Thu May 04 2023 22:54:11 GMT+0000 (Coordinated Universal Time),Sat Jul 04 2026 04:55:03 GMT+0000 (Coordinated Universal Time),Sat Jul 04 2026 16:01:07 GMT+0000 (Coordinated Universal Time),https://cdn.prod.website-files.com/631c222e0a44893e29da4930/6454378e63302fc7f5f42690_91EctlAR6xL._SL1500_.avif,pantry-items,https://amzn.to/42ssdmC,"Enjoy a versatile plant-based meal with Native Forest Organic Young Jackfruit — 14 oz canned, organic, vegan meat substitute perfect for savory dishes.",36
Kite Hill Cream Cheese,kite-hill-cream-cheese,6361e11759a8ce1f38210911,653ad7e5e882f528b34b59f5,64417c41a7781a0968e865e2,false,false,Thu Apr 20 2023 17:54:09 GMT+0000 (Coordinated Universal Time),Sat Jul 04 2026 04:55:03 GMT+0000 (Coordinated Universal Time),Sat Jul 04 2026 16:01:07 GMT+0000 (Coordinated Universal Time),https://cdn.prod.website-files.com/631c222e0a44893e29da4930/64417c30d8abd9d9fa65df36_71vh%2BYccpdL._AC_SL1500_.avif,food,https://amzn.to/3N1oyYD,"Enjoy creamy, dairy-free spread with Kite Hill Plain Almond Milk Cream Cheese — 8 oz, vegan, gluten-free, non-GMO, and Whole30 approved for versatile use.",37
Label Maker,label-maker,6361e11759a8ce1f38210911,653ad7e5e882f528b34b59f5,63b72d35daaa7e662d47c0c7,false,false,Thu Jan 05 2023 20:04:05 GMT+0000 (Coordinated Universal Time),Sat Jul 04 2026 04:55:03 GMT+0000 (Coordinated Universal Time),Sat Jul 04 2026 16:01:07 GMT+0000 (Coordinated Universal Time),https://cdn.prod.website-files.com/631c222e0a44893e29da4930/63b72d2b1f5f518779eebe47_Label%20Maker.avif,kitchen-essentials,https://amzn.to/3CrVzqH,"Create professional labels easily with the DYMO Embossing Label Maker — includes 3 label tapes, ergonomic design, perfect for home, DIY, and crafting projects.",38
Large Baking Cups,large-baking-cups,6361e11759a8ce1f38210911,653ad7e5e882f528b34b59f5,63b713a1e0ba2f88037b0a9d,false,false,Thu Jan 05 2023 18:14:57 GMT+0000 (Coordinated Universal Time),Sat Jul 04 2026 04:55:03 GMT+0000 (Coordinated Universal Time),Sat Jul 04 2026 16:01:07 GMT+0000 (Coordinated Universal Time),https://cdn.prod.website-files.com/631c222e0a44893e29da4930/63b7139d5f83204f7192fdd5_Large%20Baking%20Cups.avif,kitchen-essentials,https://amzn.to/3VTyVyh,"Bake sustainably with If You Care Brown Baking Cups — 2.5-inch, pack of 60, eco-friendly and perfect for muffins, cupcakes, and treats.",39
Mastering Diabetes,mastering-diabetes,6361e11759a8ce1f38210911,653ad7e5e882f528b34b59f5,6505301a4f484347914ee523,false,false,Sat Sep 16 2023 04:33:30 GMT+0000 (Coordinated Universal Time),Sat Jul 04 2026 04:55:03 GMT+0000 (Coordinated Universal Time),Sat Jul 04 2026 16:01:07 GMT+0000 (Coordinated Universal Time),https://cdn.prod.website-files.com/631c222e0a44893e29da4930/65053017317f06e080f2eba6_Screenshot%202023-09-15%20at%209.33.02%20PM.avif,books,https://amzn.to/3LrnZ93,"Reverse insulin resistance with Mastering Diabetes — a revolutionary, evidence-based method for managing Type 1, Type 1.5, Type 2, prediabetes, and gestational diabetes.",41
Mini Baking Cups,mini-baking-cups,6361e11759a8ce1f38210911,653ad7e5e882f528b34b59f5,63b713e4e0ba2f35647b5793,false,false,Thu Jan 05 2023 18:16:04 GMT+0000 (Coordinated Universal Time),Sat Jul 04 2026 04:55:02 GMT+0000 (Coordinated Universal Time),Sat Jul 04 2026 16:01:07 GMT+0000 (Coordinated Universal Time),https://cdn.prod.website-files.com/631c222e0a44893e29da4930/63b713e206d823af763c1381_Mini%20Baking%20Cups.avif,kitchen-essentials,https://amzn.to/3jW3hD2,"Bake eco-friendly with If You Care Mini Baking Cups — 90-piece pack, perfect for muffins, cupcakes, and bite-sized treats.",42
Minimalist Baker's Everyday Cooking,minimalist-bakers-everyday-cooking,6361e11759a8ce1f38210911,653ad7e5e882f528b34b59f5,650530db1ae924cb68d4ba63,false,false,Sat Sep 16 2023 04:36:43 GMT+0000 (Coordinated Universal Time),Sat Jul 04 2026 04:55:03 GMT+0000 (Coordinated Universal Time),Sat Jul 04 2026 16:01:07 GMT+0000 (Coordinated Universal Time),https://cdn.prod.website-files.com/631c222e0a44893e29da4930/650530d97694e5e6ab4868cb_91tJNJVADuL._SL1500_.avif,books,https://amzn.to/45UiOXb,"Cook easy, delicious plant-based meals with Minimalist Baker's Everyday Cooking — 101 entirely plant-based, mostly gluten-free recipes for everyday cooking.",43
Miyoko's Butter,miyokos-butter,6361e11759a8ce1f38210911,653ad7e5e882f528b34b59f5,6412484ff51d593a32161688,false,false,Wed Mar 15 2023 22:35:59 GMT+0000 (Coordinated Universal Time),Sat Jul 04 2026 04:55:03 GMT+0000 (Coordinated Universal Time),Sat Jul 04 2026 16:01:07 GMT+0000 (Coordinated Universal Time),https://cdn.prod.website-files.com/631c222e0a44893e29da4930/641248406dd302fa2d6217d3_Miyoko%27s%20butter.avif,food,https://amzn.to/4mQfnJX,"Cook and bake with MIYOKO’S Creamery Organic Vegan Butter — unsalted, European-style, cultured plant-based, 8 oz stick, perfect for vegan recipes.",44
Mortar and Pestle,mortar-and-pestle,6361e11759a8ce1f38210911,653ad7e5e882f528b34b59f5,63b71293e0ba2f83c279a249,false,false,Thu Jan 05 2023 18:10:27 GMT+0000 (Coordinated Universal Time),Sat Jul 04 2026 04:55:03 GMT+0000 (Coordinated Universal Time),Sat Jul 04 2026 16:01:07 GMT+0000 (Coordinated Universal Time),https://cdn.prod.website-files.com/631c222e0a44893e29da4930/63b7127756efb8850caff8ad_Mortar%20and%20Pestle.avif,kitchen-essentials,https://amzn.to/3GIgNmR,"Grind herbs and spices efficiently with the ChefSofi 6-inch Granite Mortar and Pestle Set — 2-cup capacity, unpolished for performance, includes anti-scratch protector.",45
Naturally Vegan,naturally-vegan,6361e11759a8ce1f38210911,653ad7e5e882f528b34b59f5,683745fd1d756ecb5f66249d,false,false,Wed May 28 2025 17:21:01 GMT+0000 (Coordinated Universal Time),Sat Jul 04 2026 04:55:03 GMT+0000 (Coordinated Universal Time),Sat Jul 04 2026 16:01:07 GMT+0000 (Coordinated Universal Time),https://cdn.prod.website-files.com/631c222e0a44893e29da4930/683745ea5d29cba4fcd26a20_710M97S2vbL._SL1500_.jpg,books,https://amzn.to/4mzdAbZ,"Explore delicious plant-based dishes from around the world with Naturally Vegan — flavorful, easy-to-make recipes that are entirely vegan.",46
Nourish,nourish,6361e11759a8ce1f38210911,653ad7e5e882f528b34b59f5,65052efc317f06e080f1fc13,false,false,Sat Sep 16 2023 04:28:44 GMT+0000 (Coordinated Universal Time),Sat Jul 04 2026 04:55:03 GMT+0000 (Coordinated Universal Time),Sat Jul 04 2026 16:01:07 GMT+0000 (Coordinated Universal Time),https://cdn.prod.website-files.com/631c222e0a44893e29da4930/65052ef94f484347914dced7_81HEdtpAtQL._SL1500_.avif,books,https://amzn.to/48bvgU9,"Bring health and joy to your family meals with Nourish — a definitive plant-based nutrition guide with tips and recipes for happy, connected dinners.",47
Nut Milk Bag,nut-milk-bag,6361e11759a8ce1f38210911,653ad7e5e882f528b34b59f5,63b711546e7222169f2809cd,false,false,Thu Jan 05 2023 18:05:08 GMT+0000 (Coordinated Universal Time),Sat Jul 04 2026 04:55:03 GMT+0000 (Coordinated Universal Time),Sat Jul 04 2026 16:01:07 GMT+0000 (Coordinated Universal Time),https://cdn.prod.website-files.com/631c222e0a44893e29da4930/63b711401e475986cc71b4b2_61d987owHKL._AC_SL1241_.avif,kitchen-essentials,https://amzn.to/3CqvI2i,"Make almond milk, cold brew, and more with Ellie’s Best Pro Nut Milk Bag — 12""x12"", commercial-grade, reusable fine mesh strainer for versatile kitchen use.",48
OXO Handheld Mandoline Slicer,oxo-handheld-mandoline-slicer,6361e11759a8ce1f38210911,653ad7e5e882f528b34b59f5,68a77b16d7608c5bba95b304,false,false,Thu Aug 21 2025 20:01:26 GMT+0000 (Coordinated Universal Time),Sat Jul 04 2026 04:55:03 GMT+0000 (Coordinated Universal Time),Sat Jul 04 2026 16:01:07 GMT+0000 (Coordinated Universal Time),https://cdn.prod.website-files.com/631c222e0a44893e29da4930/68a77b00d7608c5bba95a449_612eWBe4cUL._AC_SL1500_.avif,kitchen-essentials,https://amzn.to/4lHIiyd,"Slice vegetables with precision using the OXO Good Grips Handheld Mandoline — adjustable, easy-to-use kitchen slicer for effortless meal prep.",49
Parchment Baking Paper,parchment-baking-paper,6361e11759a8ce1f38210911,653ad7e5e882f528b34b59f5,6479560961041a8cb4e3dbe1,false,false,Fri Jun 02 2023 02:38:01 GMT+0000 (Coordinated Universal Time),Sat Jul 04 2026 04:55:03 GMT+0000 (Coordinated Universal Time),Sat Jul 04 2026 16:01:07 GMT+0000 (Coordinated Universal Time),https://cdn.prod.website-files.com/631c222e0a44893e29da4930/6755017cfc6cc88ccb326345_61eUSfKnceL._AC_SL1500_.avif,kitchen-essentials,https://amzn.to/43FiBG2,"Bake sustainably with If You Care Parchment Baking Paper — 70 sq ft of eco-friendly, non-stick paper ideal for cookies, pastries, and roasting.",50
Pascha Organic Chocolate Baking Chip 55% Cacao,pascha-organic-chocolate-baking-chip-55-cacao,6361e11759a8ce1f38210911,653ad7e5e882f528b34b59f5,66c37ef98f511f27ceb7cc5b,false,false,Mon Aug 19 2024 17:20:57 GMT+0000 (Coordinated Universal Time),Sat Jul 04 2026 04:55:03 GMT+0000 (Coordinated Universal Time),Sat Jul 04 2026 16:01:07 GMT+0000 (Coordinated Universal Time),https://cdn.prod.website-files.com/631c222e0a44893e29da4930/66c37ebe5c3130fd1775e37c_71pnTni38bL._SL1500_.avif,pantry-items,https://amzn.to/46UZ1YT,"Bake deliciously with Pascha Organic Semi-Sweet Chocolate Chips — 55% cacao, gluten-free, non-GMO, UTZ-certified, 8.8 oz pack of 6.",51
Pascha Organic Vegan White Chocolate Chip,pascha-organic-vegan-white-chocolate-chip,6361e11759a8ce1f38210911,653ad7e5e882f528b34b59f5,638ebb769fe5d82a4c183dce,false,false,Tue Dec 06 2022 03:48:06 GMT+0000 (Coordinated Universal Time),Sat Jul 04 2026 04:55:03 GMT+0000 (Coordinated Universal Time),Sat Jul 04 2026 16:01:07 GMT+0000 (Coordinated Universal Time),https://cdn.prod.website-files.com/631c222e0a44893e29da4930/638ebb739560032519194ae0_white.avif,pantry-items,https://amzn.to/3VOAQ7G,"Bake deliciously with Pascha Organic Vegan White Chocolate Chips — UTZ-certified, gluten-free, non-GMO, 7.1 oz, pack of 8 for all your baking needs.",52
Peaceful Kitchen,peaceful-kitchen,6361e11759a8ce1f38210911,653ad7e5e882f528b34b59f5,66c691cbcd6e0251416a4698,false,false,Thu Aug 22 2024 01:18:03 GMT+0000 (Coordinated Universal Time),Sat Jul 04 2026 04:55:03 GMT+0000 (Coordinated Universal Time),Sat Jul 04 2026 16:01:07 GMT+0000 (Coordinated Universal Time),https://cdn.prod.website-files.com/631c222e0a44893e29da4930/66c691c9962ea09d7923c4c4_81pdp1dPbUL._SL1500_.avif,books,https://amzn.to/3YQNqrR,"Soothe your body and soul with Peaceful Kitchen — over 100 cozy plant-based recipes designed for comfort, nourishment, and delicious vegan meals.",53
Personal Blender,personal-blender,6361e11759a8ce1f38210911,653ad7e5e882f528b34b59f5,63b72ce51f5f513b0deea158,false,false,Thu Jan 05 2023 20:02:45 GMT+0000 (Coordinated Universal Time),Sat Jul 04 2026 04:55:04 GMT+0000 (Coordinated Universal Time),Sat Jul 04 2026 16:01:07 GMT+0000 (Coordinated Universal Time),https://cdn.prod.website-files.com/631c222e0a44893e29da4930/63b72ce18ce58cecf01c5721_Personal%20Blender.avif,kitchen-essentials,https://amzn.to/3VPYf8C,"Blend smoothies, shakes, and more with the NutriBullet Personal Blender — 24 oz, 600W power, perfect for food prep and frozen ingredients, gray NBR-0601WM.",54
Plant-Based on a Budget Quick & Easy,plant-based-on-a-budget-quick-easy,6361e11759a8ce1f38210911,653ad7e5e882f528b34b59f5,6524ab2ea70b0dacf28c2ce7,false,false,Tue Oct 10 2023 01:38:54 GMT+0000 (Coordinated Universal Time),Sat Jul 04 2026 04:55:03 GMT+0000 (Coordinated Universal Time),Sat Jul 04 2026 16:01:07 GMT+0000 (Coordinated Universal Time),https://cdn.prod.website-files.com/631c222e0a44893e29da4930/6524ab2a39d6a0e6eb0df73e_81KRxDDZfkS._SL1500_.avif,books,https://amzn.to/45x21bW,"Save time and eat healthy with Plant-Based on a Budget Quick & Easy — 100 fast, vegan, meal-prep, freezer-friendly, and one-pot plant-based recipes.",55
Plantifully Lean,plantifully-lean,6361e11759a8ce1f38210911,653ad7e5e882f528b34b59f5,65249f527fbcb502a9382df8,false,false,Tue Oct 10 2023 00:48:18 GMT+0000 (Coordinated Universal Time),Sat Jul 04 2026 04:55:03 GMT+0000 (Coordinated Universal Time),Sat Jul 04 2026 16:01:07 GMT+0000 (Coordinated Universal Time),https://cdn.prod.website-files.com/631c222e0a44893e29da4930/65052d81ec41f1bfa1b45c32_61QforaV6IL._SL1250_.jpg,books,https://amzn.to/3F7W4r9,"Achieve weight loss with Plantifully Lean Second Edition — a simple, easy-to-follow plant-based guide and cookbook for healthy, effective results.",56
Plants-Only Kitchen,plants-only-kitchen,6361e11759a8ce1f38210911,653ad7e5e882f528b34b59f5,6505315a2606cfa31fea3de9,false,false,Sat Sep 16 2023 04:38:50 GMT+0000 (Coordinated Universal Time),Sat Jul 04 2026 04:55:03 GMT+0000 (Coordinated Universal Time),Sat Jul 04 2026 16:01:07 GMT+0000 (Coordinated Universal Time),https://cdn.prod.website-files.com/631c222e0a44893e29da4930/6505314e2606cfa31fea3bf3_71dXRTEQxdL._SL1181_.avif,books,https://amzn.to/3RoWrVE,"Fuel your busy life with Plants-Only Kitchen — 70+ simple, protein-packed, plant-based recipes that are quick, delicious, and nourishing.",57
PlantYou,plantyou,6361e11759a8ce1f38210911,653ad7e5e882f528b34b59f5,65052c685222e6f03fd474c6,false,false,Sat Sep 16 2023 04:17:44 GMT+0000 (Coordinated Universal Time),Sat Jul 04 2026 04:55:03 GMT+0000 (Coordinated Universal Time),Sat Jul 04 2026 16:01:07 GMT+0000 (Coordinated Universal Time),https://cdn.prod.website-files.com/631c222e0a44893e29da4930/65052c64085693abaccd2951_91iyo-p8FdL._SL1500_.avif,books,https://amzn.to/3PH1L5p,"Cook 140+ easy, delicious plant-based meals with PlantYou — oil-free, healthy recipes that are simple, flavorful, and perfect for everyday cooking.",58
Pop-Up Mesh Food Covers,pop-up-mesh-food-covers,6361e11759a8ce1f38210911,653ad7e5e882f528b34b59f5,6477abb32d1776e10c0929ff,false,false,Wed May 31 2023 20:18:59 GMT+0000 (Coordinated Universal Time),Sat Jul 04 2026 04:55:03 GMT+0000 (Coordinated Universal Time),Sat Jul 04 2026 16:01:07 GMT+0000 (Coordinated Universal Time),https://cdn.prod.website-files.com/631c222e0a44893e29da4930/6477aba15ba4524fcdb529f9_81SD7eAAcaL._AC_SL1500_.avif,kitchen-essentials,https://amzn.to/3oI98if,"Protect your food outdoors with Simply Genius Pop-Up Mesh Food Covers — 17x17 in, white, 6-pack, reusable, collapsible, and perfect for large servings.",60
Prevent And Reverse Heart Disease,prevent-and-reverse-heart-disease,6361e11759a8ce1f38210911,653ad7e5e882f528b34b59f5,65052f930667e28cf9a977df,false,false,Sat Sep 16 2023 04:31:15 GMT+0000 (Coordinated Universal Time),Sat Jul 04 2026 04:55:03 GMT+0000 (Coordinated Universal Time),Sat Jul 04 2026 16:01:07 GMT+0000 (Coordinated Universal Time),https://cdn.prod.website-files.com/631c222e0a44893e29da4930/65052f90a87e686039c4648f_81fsP8WEtML._SL1500_.avif,books,https://amzn.to/3LlTi4L,"Prevent and reverse heart disease with this scientifically proven, nutrition-based guide — a revolutionary approach to heart health and long-term wellness.",61
Radish Sprouting Seeds,radish-sprouting-seeds,6361e11759a8ce1f38210911,653ad7e5e882f528b34b59f5,65dfa2b1210e42602444215a,false,false,Wed Feb 28 2024 21:16:33 GMT+0000 (Coordinated Universal Time),Sat Jul 04 2026 04:55:03 GMT+0000 (Coordinated Universal Time),Sat Jul 04 2026 16:01:07 GMT+0000 (Coordinated Universal Time),https://cdn.prod.website-files.com/631c222e0a44893e29da4930/65dfa2afa1b3b1d676ce04e6_81SQiLnJzPL._SL1500_.avif,pantry-items,https://amzn.to/3Ahx0ik,"Grow healthy radish sprouts with Nature Jims Organic Radish Sprout Seeds — 16 oz non-GMO, vitamin-rich, fiber-packed, and resealable for lasting freshness.",62
Scrappy Cooking,scrappy-cooking,6361e11759a8ce1f38210911,653ad7e5e882f528b34b59f5,68486cff15669b7e99e02b5f,false,false,Tue Jun 10 2025 17:35:59 GMT+0000 (Coordinated Universal Time),Sat Jul 04 2026 04:55:02 GMT+0000 (Coordinated Universal Time),Sat Jul 04 2026 16:01:07 GMT+0000 (Coordinated Universal Time),https://cdn.prod.website-files.com/631c222e0a44893e29da4930/68486cd51ef8d0ee2ec610cc_81i9wqq4jOL._SL1500_.jpg,books,https://amzn.to/3HALQ75,"Discover 140+ plant-based, zero-waste recipes with PlantYou: Scrappy Cooking — delicious, budget-friendly meals that are good for you and the planet.",63
Seed Sprouting Jar Lids,seed-sprouting-jar-lids,6361e11759a8ce1f38210911,653ad7e5e882f528b34b59f5,63f7a9e4d767aea9a706c654,false,false,Thu Feb 23 2023 18:01:08 GMT+0000 (Coordinated Universal Time),Sat Jul 04 2026 04:55:03 GMT+0000 (Coordinated Universal Time),Sat Jul 04 2026 16:01:07 GMT+0000 (Coordinated Universal Time),https://cdn.prod.website-files.com/631c222e0a44893e29da4930/63f7a9d5aafc548613305f4e_Seed%20Sprouting%20Jar%20Lids.avif,kitchen-essentials,https://amzn.to/3ExRpyH,"Grow fresh sprouts at home with 2-pack stainless steel Seed Sprouting Jar Lids — fits 2.75"" regular mouth mason jars, ideal for broccoli, alfalfa, beans, and more.",64
Soom Foods Pure Ground Sesame Tahini Paste,soom-foods-pure-ground-sesame-tahini-paste,6361e11759a8ce1f38210911,653ad7e5e882f528b34b59f5,638ebdc6cfd6bb0c21f0e804,false,false,Tue Dec 06 2022 03:57:58 GMT+0000 (Coordinated Universal Time),Sat Jul 04 2026 04:55:03 GMT+0000 (Coordinated Universal Time),Sat Jul 04 2026 16:01:07 GMT+0000 (Coordinated Universal Time),https://cdn.prod.website-files.com/631c222e0a44893e29da4930/638ebdb87fc9042dcbbfe909_tahini.avif,pantry-items,https://amzn.to/3HdyFGI,"Enhance your recipes with Soom Foods Ground Sesame Tahini Paste — silky smooth, vegan, nut-free, gluten-free, kosher, and perfect for hummus, dips, and dressings (11 oz, 2-pack).",65
Sourdough Starter,sourdough-starter,6361e11759a8ce1f38210911,653ad7e5e882f528b34b59f5,6938ec819fce8d2f8b0bfafe,false,false,Wed Dec 10 2025 03:44:01 GMT+0000 (Coordinated Universal Time),Sat Jul 04 2026 04:55:03 GMT+0000 (Coordinated Universal Time),Sat Jul 04 2026 16:01:07 GMT+0000 (Coordinated Universal Time),https://cdn.prod.website-files.com/631c222e0a44893e29da4930/6938e50ce7c3803cc85c1682_210543_FreshSourdoughStarter__41532_4743__96627.jpg,food,https://shop.kingarthurbaking.com/items/classic-fresh-sourdough-starter?utm_source=google&utm_medium=cpc&utm_term=&utm_content=adtaxi&gad_source=1&gad_campaignid=20640198938&gbraid=0AAAAADiGhPLQKKRX_Ytmn4c4tKXSpwduf&gclid=Cj0KCQiArt_JBhCTARIsADQZaym1I3YgktxuoY9_wvn63t290CCceEDIKzhmJSe_1ZIC_5Rd2ZRvNBcaAmtHEALw_wcB,"Get classic fresh sourdough starter for easy homemade artisan bread. Ready to use, flavorful, and perfect for baking at home.",66
Spirulina Powder ,spirulina-powder,6361e11759a8ce1f38210911,653ad7e5e882f528b34b59f5,64b3387d5a9b6000778831b6,false,false,Sun Jul 16 2023 00:23:25 GMT+0000 (Coordinated Universal Time),Sat Jul 04 2026 04:55:03 GMT+0000 (Coordinated Universal Time),Sat Jul 04 2026 16:01:07 GMT+0000 (Coordinated Universal Time),https://cdn.prod.website-files.com/631c222e0a44893e29da4930/64b338555a9b600077881dd7_61OouhOccXL._AC_SL1248_.avif,pantry-items,https://amzn.to/3OfQAzG,"Boost immunity and energy with Kate Naturals Organic Spirulina Powder — nutrient-dense, USDA certified, non-GMO, gluten-free superfood supplement (8 oz).",67
Sprouting Jar & Lid,sprouting-jar-lid,6361e11759a8ce1f38210911,653ad7e5e882f528b34b59f5,682e0cd0eae390a185c7685d,false,false,Wed May 21 2025 17:26:40 GMT+0000 (Coordinated Universal Time),Sat Jul 04 2026 04:55:03 GMT+0000 (Coordinated Universal Time),Sat Jul 04 2026 16:01:07 GMT+0000 (Coordinated Universal Time),https://cdn.prod.website-files.com/631c222e0a44893e29da4930/682e0c7bd1699ca0b7b70f88_81l3ioS4HxL._AC_SL1500_.avif,kitchen-essentials,https://amzn.to/43ctXny,"Grow fresh, organic bean sprouts at home with the Masontops Mason Jar Sprouting Kit — complete starter set with seeds, sprouting lids & jars.",68
Stand Mixer,stand-mixer,6361e11759a8ce1f38210911,653ad7e5e882f528b34b59f5,63b73005388ce2e79ea77105,false,false,Thu Jan 05 2023 20:16:05 GMT+0000 (Coordinated Universal Time),Sat Jul 04 2026 04:55:03 GMT+0000 (Coordinated Universal Time),Sat Jul 04 2026 16:01:07 GMT+0000 (Coordinated Universal Time),https://cdn.prod.website-files.com/631c222e0a44893e29da4930/638bd994bd23038243ef8a82_mixer.jpeg,kitchen-essentials,https://amzn.to/4mXiXCc,"Make homemade ice cream with the KitchenAid 2-Quart Ice Cream Maker Attachment — compatible with stand mixers, model KSMICM, for creamy frozen desserts.
",69
Tension Rod,tension-rod,6361e11759a8ce1f38210911,653ad7e5e882f528b34b59f5,6491ff5ecd11aa08973cca91,false,false,Tue Jun 20 2023 19:34:54 GMT+0000 (Coordinated Universal Time),Sat Jul 04 2026 04:55:03 GMT+0000 (Coordinated Universal Time),Sat Jul 04 2026 16:01:07 GMT+0000 (Coordinated Universal Time),https://cdn.prod.website-files.com/631c222e0a44893e29da4930/6491ff4b06548e7d5b4fd42d_41WqOFrvgjL._AC_SL1500_.avif,kitchen-essentials,https://amzn.to/42NSUSM,"Easily hang curtains with AIZESI Spring Tension Curtain Rods — adjustable 17""–28"", white finish, 2-pack, perfect for windows, bathrooms, or closets.",70
The 30-Day Alzheimer's Solution,the-30-day-alzheimers-solution,6361e11759a8ce1f38210911,653ad7e5e882f528b34b59f5,65052ecdc7b7c44cb3e60017,false,false,Sat Sep 16 2023 04:27:57 GMT+0000 (Coordinated Universal Time),Sat Jul 04 2026 04:55:04 GMT+0000 (Coordinated Universal Time),Sat Jul 04 2026 16:01:07 GMT+0000 (Coordinated Universal Time),https://cdn.prod.website-files.com/631c222e0a44893e29da4930/65052ec0e3d3d219b50edf29_812LsoMjP%2BL._SL1500_.avif,books,https://amzn.to/46fEPPU,Protect your brain with The 30-Day Alzheimer’s Solution — a definitive food and lifestyle guide to prevent cognitive decline and support long-term brain health.,71
The Blue Zones Solution,the-blue-zones-solution,6361e11759a8ce1f38210911,653ad7e5e882f528b34b59f5,6505308053e204136251500a,false,false,Sat Sep 16 2023 04:35:12 GMT+0000 (Coordinated Universal Time),Sat Jul 04 2026 04:55:03 GMT+0000 (Coordinated Universal Time),Sat Jul 04 2026 16:01:07 GMT+0000 (Coordinated Universal Time),https://cdn.prod.website-files.com/631c222e0a44893e29da4930/65053074151599ac2b202d18_Screenshot%202023-09-15%20at%209.34.44%20PM.avif,books,https://amzn.to/44TF4iO,"Discover the secrets to longevity with The Blue Zones Solution — learn how the world’s healthiest people eat and live for a longer, vibrant life.",72
The China Study ,the-china-study,6361e11759a8ce1f38210911,653ad7e5e882f528b34b59f5,66e06ed41e7f964ac5b7a7a9,false,false,Tue Sep 10 2024 16:07:48 GMT+0000 (Coordinated Universal Time),Sat Jul 04 2026 04:55:03 GMT+0000 (Coordinated Universal Time),Sat Jul 04 2026 16:01:07 GMT+0000 (Coordinated Universal Time),https://cdn.prod.website-files.com/631c222e0a44893e29da4930/66e06eca180a83c7c48f4da6_71sGtJjMHKL._SL1500_.avif,books,https://amzn.to/3To2ObD,"Unlock the science of nutrition with The China Study — the most comprehensive research on diet, weight loss, and long-term health, revised and expanded.",73
The Elements of Baking,the-elements-of-baking,6361e11759a8ce1f38210911,653ad7e5e882f528b34b59f5,6856470e2350fbbd54f2bddf,false,false,Sat Jun 21 2025 05:45:50 GMT+0000 (Coordinated Universal Time),Sat Jul 04 2026 04:55:03 GMT+0000 (Coordinated Universal Time),Sat Jul 04 2026 16:01:07 GMT+0000 (Coordinated Universal Time),https://cdn.prod.website-files.com/631c222e0a44893e29da4930/685646f2e05daec0637f4b89_61v287XcxOL._SL1500_.avif,books,https://amzn.to/44bwvRM,"Bake delicious gluten-free, dairy-free, egg-free, or vegan treats with The Elements of Baking — a Sunday Times bestseller for all dietary needs.",74
The Happy Pear,the-happy-pear,6361e11759a8ce1f38210911,653ad7e5e882f528b34b59f5,6505318e7694e5e6ab48dba7,false,false,Sat Sep 16 2023 04:39:42 GMT+0000 (Coordinated Universal Time),Sat Jul 04 2026 04:55:03 GMT+0000 (Coordinated Universal Time),Sat Jul 04 2026 16:01:07 GMT+0000 (Coordinated Universal Time),https://cdn.prod.website-files.com/631c222e0a44893e29da4930/65053189e3d3d219b510cc0e_91kN6es4CsL._SL1500_-2.avif,books,https://amzn.to/3ZlCNvx,"Bring joy to your kitchen with The Happy Pear: Recipes for Happiness — delicious, wholesome plant-based recipes to nourish body and soul.",75
The Korean Vegan Cookbook,the-korean-vegan-cookbook,6361e11759a8ce1f38210911,653ad7e5e882f528b34b59f5,65052d575222e6f03fd4b304,false,false,Sat Sep 16 2023 04:21:43 GMT+0000 (Coordinated Universal Time),Sat Jul 04 2026 04:55:04 GMT+0000 (Coordinated Universal Time),Sat Jul 04 2026 16:01:07 GMT+0000 (Coordinated Universal Time),https://cdn.prod.website-files.com/631c222e0a44893e29da4930/65052d47085693abaccdae04_81Ld2pFj2sL._SL1500_.avif,books,https://amzn.to/3RknqS7,Experience authentic Korean plant-based cuisine with The Korean Vegan Cookbook — reflections and recipes from Omma’s kitchen for delicious vegan meals.,76
The Plant-Based Athlete,the-plant-based-athlete,6361e11759a8ce1f38210911,653ad7e5e882f528b34b59f5,65052ea259d5455d5f972a82,false,false,Sat Sep 16 2023 04:27:14 GMT+0000 (Coordinated Universal Time),Sat Jul 04 2026 04:55:04 GMT+0000 (Coordinated Universal Time),Sat Jul 04 2026 16:01:07 GMT+0000 (Coordinated Universal Time),https://cdn.prod.website-files.com/631c222e0a44893e29da4930/65052e9f72560ca8456af444_71cAOQb0ubS._SL1500_.avif,books,https://amzn.to/464TJbQ,"Achieve peak performance with The Plant-Based Athlete — a game-changing guide to nutrition, training, and recovery on a plant-based diet.",77
The Pleasure Trap,the-pleasure-trap,6361e11759a8ce1f38210911,653ad7e5e882f528b34b59f5,65052d284f484347914c7f88,false,false,Sat Sep 16 2023 04:20:56 GMT+0000 (Coordinated Universal Time),Sat Jul 04 2026 04:55:03 GMT+0000 (Coordinated Universal Time),Sat Jul 04 2026 16:01:07 GMT+0000 (Coordinated Universal Time),https://cdn.prod.website-files.com/631c222e0a44893e29da4930/65052d11c96648d26d44f77f_91RXWGP%2BMYL._SL1500_.avif,books,https://amzn.to/44TuHvg,Overcome cravings and improve well-being with The Pleasure Trap — master the hidden forces that undermine health and happiness for lasting lifestyle change.,78
The Sprout Book,the-sprout-book,6361e11759a8ce1f38210911,653ad7e5e882f528b34b59f5,68564c4206d5a382dbc6a4f1,false,false,Sat Jun 21 2025 06:08:02 GMT+0000 (Coordinated Universal Time),Sat Jul 04 2026 04:55:03 GMT+0000 (Coordinated Universal Time),Sat Jul 04 2026 16:01:07 GMT+0000 (Coordinated Universal Time),https://cdn.prod.website-files.com/631c222e0a44893e29da4930/68564c3f06d5a382dbc6a36b_71nqf1xr7eL._SL1500_.avif,books,https://amzn.to/4l9DyRS,Discover the health benefits of sprouts with The Sprout Book — your guide to growing and enjoying the planet’s most nutritious foods.,79
The Sprouting Company Sprouter,the-sprouting-company-sprouter,6361e11759a8ce1f38210911,653ad7e5e882f528b34b59f5,68564bca06d5a382dbc665ff,false,false,Sat Jun 21 2025 06:06:02 GMT+0000 (Coordinated Universal Time),Sat Jul 04 2026 04:55:04 GMT+0000 (Coordinated Universal Time),Sat Jul 04 2026 16:01:07 GMT+0000 (Coordinated Universal Time),https://cdn.prod.website-files.com/631c222e0a44893e29da4930/68564b73e05daec0637f7737_salad-mix.gif,kitchen-essentials,https://www.thesproutingcompany.com/TWL,"Meet the world’s first high-capacity all-in-one sprouter — convenient, safe, and stylish countertop design. Includes a free bag of seeds with purchase.",80
The Starch Solution,the-starch-solution,6361e11759a8ce1f38210911,653ad7e5e882f528b34b59f5,65052fde398e26a98f06d402,false,false,Sat Sep 16 2023 04:32:30 GMT+0000 (Coordinated Universal Time),Sat Jul 04 2026 04:55:03 GMT+0000 (Coordinated Universal Time),Sat Jul 04 2026 16:01:07 GMT+0000 (Coordinated Universal Time),https://cdn.prod.website-files.com/631c222e0a44893e29da4930/65052fda398e26a98f06ce37_81HNIC1kwrL._SL1500_-2.avif,books,https://amzn.to/44VpxyE,"Regain your health and lose weight with The Starch Solution — enjoy the foods you love while following a sustainable, plant-based eating plan.",81
Unbelievably Vegan,unbelievably-vegan,6361e11759a8ce1f38210911,653ad7e5e882f528b34b59f5,65052ddbec41f1bfa1b4d1bf,false,false,Sat Sep 16 2023 04:23:55 GMT+0000 (Coordinated Universal Time),Sat Jul 04 2026 04:55:04 GMT+0000 (Coordinated Universal Time),Sat Jul 04 2026 16:01:07 GMT+0000 (Coordinated Universal Time),https://cdn.prod.website-files.com/631c222e0a44893e29da4930/65052dd8c96648d26d454c4d_81-0w5nI9JL._SL1500_.avif,books,https://amzn.to/3RmeKKU,"Discover 100+ life-changing plant-based recipes with Unbelievably Vegan — delicious, easy-to-make vegan meals for every occasion.",82
Vegan Honey,vegan-honey,6361e11759a8ce1f38210911,653ad7e5e882f528b34b59f5,68de0651a3fac306356036b6,false,false,Thu Oct 02 2025 04:57:53 GMT+0000 (Coordinated Universal Time),Sat Jul 04 2026 04:55:03 GMT+0000 (Coordinated Universal Time),Sat Jul 04 2026 16:01:07 GMT+0000 (Coordinated Universal Time),https://cdn.prod.website-files.com/631c222e0a44893e29da4930/68de06030b296cf4d9e25809_61jC-rT7VML._SL1500_.jpg,pantry-items,https://amzn.to/4gPdmvb,"Sweeten your favorite foods naturally with BlenditUp Organic Bee-Free Honey — a plant-based, apple-made, organic alternative (12 oz).",83
Vegetable Chopper and Spiralizer,vegetable-chopper-and-spiralizer,6361e11759a8ce1f38210911,653ad7e5e882f528b34b59f5,68a78a6d2f3fa0c809e7628c,false,false,Thu Aug 21 2025 21:06:53 GMT+0000 (Coordinated Universal Time),Sat Jul 04 2026 04:55:03 GMT+0000 (Coordinated Universal Time),Sat Jul 04 2026 16:01:07 GMT+0000 (Coordinated Universal Time),https://cdn.prod.website-files.com/631c222e0a44893e29da4930/68a78a3adb1091df7cdf5e1b_71qwt6pU36L._AC_SL1500_.avif,kitchen-essentials,https://amzn.to/462FMOc,"Effortlessly chop, slice, and spiralize vegetables and fruits with the Fullstar Pro Chopper — 4-in-1 kitchen gadget for quick, easy meal prep.",84
Waffle Maker,waffle-maker,6361e11759a8ce1f38210911,653ad7e5e882f528b34b59f5,63b730538000329b70449801,false,false,Thu Jan 05 2023 20:17:23 GMT+0000 (Coordinated Universal Time),Sat Jul 04 2026 04:55:03 GMT+0000 (Coordinated Universal Time),Sat Jul 04 2026 16:01:07 GMT+0000 (Coordinated Universal Time),https://cdn.prod.website-files.com/631c222e0a44893e29da4930/638bd8b35ac2e3a788182a86_waffle.jpeg,,https://amzn.to/3X6AZ7o,"Enjoy perfect waffles with the Breville No-Mess Classic Waffle Maker — BWM520XL, brushed stainless steel, easy to use, and mess-free for delicious breakfasts.",85
Make Your Own,make-your-own,6361e11759a8ce1f38210911,653ad7e5e882f528b34b59f5,69fbd239ae35d398ae31693c,false,false,Wed May 06 2026 23:43:53 GMT+0000 (Coordinated Universal Time),Sat Jul 04 2026 04:55:03 GMT+0000 (Coordinated Universal Time),Sat Jul 04 2026 16:01:07 GMT+0000 (Coordinated Universal Time),https://cdn.prod.website-files.com/631c222e0a44893e29da4930/69fe14436e6ce7f0dc67e261_81oGoSXApHL._SL1500_.jpg,books,https://amzn.to/430Qjak,"Explore 120+ wholesome plant-based recipes in Make Your Own by Javant Benton. Create easy oil-free, wheat-free, and refined sugar-free meals at home.",40
PlantYou Quickies,plantyou-quickies,6361e11759a8ce1f38210911,653ad7e5e882f528b34b59f5,69fe14eadbc20b041334b7c4,false,false,Fri May 08 2026 16:52:58 GMT+0000 (Coordinated Universal Time),Sat Jul 04 2026 04:55:03 GMT+0000 (Coordinated Universal Time),Sat Jul 04 2026 16:01:07 GMT+0000 (Coordinated Universal Time),https://cdn.prod.website-files.com/631c222e0a44893e29da4930/69fe149620372a358fa70a06_81NxSqefA5L._SL1500_.jpg,books,https://amzn.to/4d8kT8d,"Discover fast, healthy, and delicious vegan meals with PlantYou Quick & Easy Recipes by Carleigh Bodrug. Simple plant-based dishes for busy lifestyles.",59
