Name,Slug,Collection ID,Locale ID,Item ID,Archived,Draft,Created On,Updated On,Published On,Order
Appetizers,appetizers,635dad3996e6ef534a5fb681,653ad7e5e882f528b34b59f5,68228789950a38facb318de5,false,false,Mon May 12 2025 23:43:05 GMT+0000 (Coordinated Universal Time),Fri Jan 23 2026 18:05:55 GMT+0000 (Coordinated Universal Time),Fri Jan 23 2026 18:05:55 GMT+0000 (Coordinated Universal Time),1
Asian-Inspired,asian-inspired,635dad3996e6ef534a5fb681,653ad7e5e882f528b34b59f5,68ae6cd9157ca5a163cb80d3,false,false,Wed Aug 27 2025 02:26:33 GMT+0000 (Coordinated Universal Time),Fri Jan 23 2026 18:05:55 GMT+0000 (Coordinated Universal Time),Fri Jan 23 2026 18:05:55 GMT+0000 (Coordinated Universal Time),2
Beverages,beverages,635dad3996e6ef534a5fb681,653ad7e5e882f528b34b59f5,66f5c7067f5404a738b3b551,false,false,Thu Sep 26 2024 20:41:42 GMT+0000 (Coordinated Universal Time),Fri Jan 23 2026 18:05:55 GMT+0000 (Coordinated Universal Time),Fri Jan 23 2026 18:05:55 GMT+0000 (Coordinated Universal Time),3
Breads,breads,635dad3996e6ef534a5fb681,653ad7e5e882f528b34b59f5,66f5c75b8706fef59a0496d3,false,false,Thu Sep 26 2024 20:43:07 GMT+0000 (Coordinated Universal Time),Fri Jan 23 2026 18:05:55 GMT+0000 (Coordinated Universal Time),Fri Jan 23 2026 18:05:55 GMT+0000 (Coordinated Universal Time),4
Breakfast,breakfast-2,635dad3996e6ef534a5fb681,653ad7e5e882f528b34b59f5,682fda15afa3b83b240e7460,false,false,Fri May 23 2025 02:14:45 GMT+0000 (Coordinated Universal Time),Fri Jan 23 2026 18:05:55 GMT+0000 (Coordinated Universal Time),Fri Jan 23 2026 18:05:55 GMT+0000 (Coordinated Universal Time),5
Brunch,brunch,635dad3996e6ef534a5fb681,653ad7e5e882f528b34b59f5,682287c3ac1cf28439660039,false,false,Mon May 12 2025 23:44:03 GMT+0000 (Coordinated Universal Time),Fri Jan 23 2026 18:05:55 GMT+0000 (Coordinated Universal Time),Fri Jan 23 2026 18:05:55 GMT+0000 (Coordinated Universal Time),6
Burgers,burgers,635dad3996e6ef534a5fb681,653ad7e5e882f528b34b59f5,682287fa8e0acf6f0b46b828,false,false,Mon May 12 2025 23:44:58 GMT+0000 (Coordinated Universal Time),Fri Jan 23 2026 18:05:55 GMT+0000 (Coordinated Universal Time),Fri Jan 23 2026 18:05:55 GMT+0000 (Coordinated Universal Time),7
Cakes & Cupcakes,cakes-cupcakes,635dad3996e6ef534a5fb681,653ad7e5e882f528b34b59f5,682288244482722a6a5bad28,false,false,Mon May 12 2025 23:45:40 GMT+0000 (Coordinated Universal Time),Fri Jan 23 2026 18:05:55 GMT+0000 (Coordinated Universal Time),Fri Jan 23 2026 18:05:55 GMT+0000 (Coordinated Universal Time),8
Chocolate ,chocolate,635dad3996e6ef534a5fb681,653ad7e5e882f528b34b59f5,6824d2e4455b3024aa09e78a,false,false,Wed May 14 2025 17:29:08 GMT+0000 (Coordinated Universal Time),Fri Jan 23 2026 18:05:55 GMT+0000 (Coordinated Universal Time),Fri Jan 23 2026 18:05:55 GMT+0000 (Coordinated Universal Time),9
Condiments,condiments,635dad3996e6ef534a5fb681,653ad7e5e882f528b34b59f5,6822883c36d92356181d32da,false,false,Mon May 12 2025 23:46:04 GMT+0000 (Coordinated Universal Time),Fri Jan 23 2026 18:05:55 GMT+0000 (Coordinated Universal Time),Fri Jan 23 2026 18:05:55 GMT+0000 (Coordinated Universal Time),10
Cookies,cookies,635dad3996e6ef534a5fb681,653ad7e5e882f528b34b59f5,67bfcaaa854c21620a4d14c2,false,false,Thu Feb 27 2025 02:15:06 GMT+0000 (Coordinated Universal Time),Fri Jan 23 2026 18:05:55 GMT+0000 (Coordinated Universal Time),Fri Jan 23 2026 18:05:55 GMT+0000 (Coordinated Universal Time),11
Dairy-Free Milk & Cheese,dairy-free-milk-cheese,635dad3996e6ef534a5fb681,653ad7e5e882f528b34b59f5,67baf96c1472ce13fc36d5f4,false,false,Sun Feb 23 2025 10:33:16 GMT+0000 (Coordinated Universal Time),Fri Jan 23 2026 18:05:55 GMT+0000 (Coordinated Universal Time),Fri Jan 23 2026 18:05:55 GMT+0000 (Coordinated Universal Time),12
Dips,dips,635dad3996e6ef534a5fb681,653ad7e5e882f528b34b59f5,68228891a5bfeef1f825abc1,false,false,Mon May 12 2025 23:47:29 GMT+0000 (Coordinated Universal Time),Fri Jan 23 2026 18:05:55 GMT+0000 (Coordinated Universal Time),Fri Jan 23 2026 18:05:55 GMT+0000 (Coordinated Universal Time),14
Dressings,dressings,635dad3996e6ef534a5fb681,653ad7e5e882f528b34b59f5,682288c2a5bfeef1f825cc60,false,false,Mon May 12 2025 23:48:18 GMT+0000 (Coordinated Universal Time),Fri Jan 23 2026 18:05:55 GMT+0000 (Coordinated Universal Time),Fri Jan 23 2026 18:05:55 GMT+0000 (Coordinated Universal Time),13
Entrees,entrees,635dad3996e6ef534a5fb681,653ad7e5e882f528b34b59f5,682288d8fb0e40d2db997770,false,false,Mon May 12 2025 23:48:40 GMT+0000 (Coordinated Universal Time),Fri Jan 23 2026 18:05:55 GMT+0000 (Coordinated Universal Time),Fri Jan 23 2026 18:05:55 GMT+0000 (Coordinated Universal Time),15
Fermented & Pickled,fermented-pickled,635dad3996e6ef534a5fb681,653ad7e5e882f528b34b59f5,6940eab8117fbb8343ba131f,false,false,Tue Dec 16 2025 05:14:32 GMT+0000 (Coordinated Universal Time),Fri Jan 23 2026 18:05:55 GMT+0000 (Coordinated Universal Time),Fri Jan 23 2026 18:05:55 GMT+0000 (Coordinated Universal Time),16
Frozen Sweets,frozen-sweets,635dad3996e6ef534a5fb681,653ad7e5e882f528b34b59f5,6827db7dcbc770443a3d764e,false,false,Sat May 17 2025 00:42:37 GMT+0000 (Coordinated Universal Time),Fri Jan 23 2026 18:05:55 GMT+0000 (Coordinated Universal Time),Fri Jan 23 2026 18:05:55 GMT+0000 (Coordinated Universal Time),17
How-tos,how-tos,635dad3996e6ef534a5fb681,653ad7e5e882f528b34b59f5,682288f70fbf952bb8bcbb84,false,false,Mon May 12 2025 23:49:11 GMT+0000 (Coordinated Universal Time),Fri Jan 23 2026 18:05:55 GMT+0000 (Coordinated Universal Time),Fri Jan 23 2026 18:05:55 GMT+0000 (Coordinated Universal Time),18
Indian-Inspired,indian-inspired,635dad3996e6ef534a5fb681,653ad7e5e882f528b34b59f5,68ae680029e8b536f7786759,false,false,Wed Aug 27 2025 02:05:52 GMT+0000 (Coordinated Universal Time),Fri Jan 23 2026 18:05:55 GMT+0000 (Coordinated Universal Time),Fri Jan 23 2026 18:05:55 GMT+0000 (Coordinated Universal Time),19
Italian-Inspired,italian-inspired,635dad3996e6ef534a5fb681,653ad7e5e882f528b34b59f5,68ae6b8ec57f6c68ff99e5bb,false,false,Wed Aug 27 2025 02:21:02 GMT+0000 (Coordinated Universal Time),Fri Jan 23 2026 18:05:55 GMT+0000 (Coordinated Universal Time),Fri Jan 23 2026 18:05:55 GMT+0000 (Coordinated Universal Time),20
Jams,jams,635dad3996e6ef534a5fb681,653ad7e5e882f528b34b59f5,682289133b58da3f12297462,false,false,Mon May 12 2025 23:49:39 GMT+0000 (Coordinated Universal Time),Fri Jan 23 2026 18:05:55 GMT+0000 (Coordinated Universal Time),Fri Jan 23 2026 18:05:55 GMT+0000 (Coordinated Universal Time),21
Meat Alternatives,meat-alternatives,635dad3996e6ef534a5fb681,653ad7e5e882f528b34b59f5,682289311c3bdf7982bd880a,false,false,Mon May 12 2025 23:50:09 GMT+0000 (Coordinated Universal Time),Fri Jan 23 2026 18:05:55 GMT+0000 (Coordinated Universal Time),Fri Jan 23 2026 18:05:55 GMT+0000 (Coordinated Universal Time),22
Mexican-Inspired,mexican-inspired,635dad3996e6ef534a5fb681,653ad7e5e882f528b34b59f5,68ae6b5271a9313278aa5f05,false,false,Wed Aug 27 2025 02:20:02 GMT+0000 (Coordinated Universal Time),Fri Jan 23 2026 18:05:55 GMT+0000 (Coordinated Universal Time),Fri Jan 23 2026 18:05:55 GMT+0000 (Coordinated Universal Time),23
Middle Eastern-Inspired ,middle-eastern-inspired,635dad3996e6ef534a5fb681,653ad7e5e882f528b34b59f5,68ae6c91e386ec82e433afbb,false,false,Wed Aug 27 2025 02:25:21 GMT+0000 (Coordinated Universal Time),Fri Jan 23 2026 18:05:55 GMT+0000 (Coordinated Universal Time),Fri Jan 23 2026 18:05:55 GMT+0000 (Coordinated Universal Time),24
Muffins,muffins,635dad3996e6ef534a5fb681,653ad7e5e882f528b34b59f5,682289484a02cfcb010a09df,false,false,Mon May 12 2025 23:50:32 GMT+0000 (Coordinated Universal Time),Fri Jan 23 2026 18:05:55 GMT+0000 (Coordinated Universal Time),Fri Jan 23 2026 18:05:55 GMT+0000 (Coordinated Universal Time),25
Noodles ,noodles,635dad3996e6ef534a5fb681,653ad7e5e882f528b34b59f5,6824df1459180910a87450f2,false,false,Wed May 14 2025 18:21:08 GMT+0000 (Coordinated Universal Time),Fri Jan 23 2026 18:05:55 GMT+0000 (Coordinated Universal Time),Fri Jan 23 2026 18:05:55 GMT+0000 (Coordinated Universal Time),26
Pasta,pasta,635dad3996e6ef534a5fb681,653ad7e5e882f528b34b59f5,682101da201a0eea0f2dfe67,false,false,Sun May 11 2025 20:00:26 GMT+0000 (Coordinated Universal Time),Fri Jan 23 2026 18:05:55 GMT+0000 (Coordinated Universal Time),Fri Jan 23 2026 18:05:55 GMT+0000 (Coordinated Universal Time),27
Pies,pies,635dad3996e6ef534a5fb681,653ad7e5e882f528b34b59f5,68228967a5bfeef1f82636af,false,false,Mon May 12 2025 23:51:03 GMT+0000 (Coordinated Universal Time),Fri Jan 23 2026 18:05:55 GMT+0000 (Coordinated Universal Time),Fri Jan 23 2026 18:05:55 GMT+0000 (Coordinated Universal Time),28
Pizza,pizza,635dad3996e6ef534a5fb681,653ad7e5e882f528b34b59f5,6821047c36d856bc6ff704b3,false,false,Sun May 11 2025 20:11:40 GMT+0000 (Coordinated Universal Time),Fri Jan 23 2026 18:05:55 GMT+0000 (Coordinated Universal Time),Fri Jan 23 2026 18:05:55 GMT+0000 (Coordinated Universal Time),29
Potato ,potato,635dad3996e6ef534a5fb681,653ad7e5e882f528b34b59f5,6824e123c9f12bbebc153d3b,false,false,Wed May 14 2025 18:29:55 GMT+0000 (Coordinated Universal Time),Fri Jan 23 2026 18:05:55 GMT+0000 (Coordinated Universal Time),Fri Jan 23 2026 18:05:55 GMT+0000 (Coordinated Universal Time),30
Pudding,pudding,635dad3996e6ef534a5fb681,653ad7e5e882f528b34b59f5,6824de7ace8f0006d6740a7b,false,false,Wed May 14 2025 18:18:34 GMT+0000 (Coordinated Universal Time),Fri Jan 23 2026 18:05:55 GMT+0000 (Coordinated Universal Time),Fri Jan 23 2026 18:05:55 GMT+0000 (Coordinated Universal Time),31
Ready mixes,ready-mixes,635dad3996e6ef534a5fb681,653ad7e5e882f528b34b59f5,682289976682dc4c75705dc6,false,false,Mon May 12 2025 23:51:51 GMT+0000 (Coordinated Universal Time),Fri Jan 23 2026 18:05:55 GMT+0000 (Coordinated Universal Time),Fri Jan 23 2026 18:05:55 GMT+0000 (Coordinated Universal Time),32
Rice,rice,635dad3996e6ef534a5fb681,653ad7e5e882f528b34b59f5,68210462ed19e45df8fee2d5,false,false,Sun May 11 2025 20:11:14 GMT+0000 (Coordinated Universal Time),Fri Jan 23 2026 18:05:55 GMT+0000 (Coordinated Universal Time),Fri Jan 23 2026 18:05:55 GMT+0000 (Coordinated Universal Time),33
Salads,salad-dressing,635dad3996e6ef534a5fb681,653ad7e5e882f528b34b59f5,639406c2c7a3f260347513b7,false,false,Sat Dec 10 2022 04:10:42 GMT+0000 (Coordinated Universal Time),Fri Jan 23 2026 18:05:55 GMT+0000 (Coordinated Universal Time),Fri Jan 23 2026 18:05:55 GMT+0000 (Coordinated Universal Time),34
Sandwiches,sandwiches,635dad3996e6ef534a5fb681,653ad7e5e882f528b34b59f5,682289c62000a5579877bb7a,false,false,Mon May 12 2025 23:52:38 GMT+0000 (Coordinated Universal Time),Fri Jan 23 2026 18:05:55 GMT+0000 (Coordinated Universal Time),Fri Jan 23 2026 18:05:55 GMT+0000 (Coordinated Universal Time),35
Sauces,sauces,635dad3996e6ef534a5fb681,653ad7e5e882f528b34b59f5,682290d74482722a6a617e64,false,false,Tue May 13 2025 00:22:47 GMT+0000 (Coordinated Universal Time),Fri Jan 23 2026 18:05:55 GMT+0000 (Coordinated Universal Time),Fri Jan 23 2026 18:05:55 GMT+0000 (Coordinated Universal Time),36
Snacks,snacks,635dad3996e6ef534a5fb681,653ad7e5e882f528b34b59f5,6822912b3a05b19aa3a39786,false,false,Tue May 13 2025 00:24:11 GMT+0000 (Coordinated Universal Time),Mon Jul 06 2026 20:16:00 GMT+0000 (Coordinated Universal Time),Tue Jul 07 2026 00:19:00 GMT+0000 (Coordinated Universal Time),37
Soups,soups,635dad3996e6ef534a5fb681,653ad7e5e882f528b34b59f5,68229148ea7d6120b00cc17b,false,false,Tue May 13 2025 00:24:40 GMT+0000 (Coordinated Universal Time),Mon Jul 06 2026 20:16:16 GMT+0000 (Coordinated Universal Time),Tue Jul 07 2026 00:19:00 GMT+0000 (Coordinated Universal Time),38
Spice blends,spice-blends,635dad3996e6ef534a5fb681,653ad7e5e882f528b34b59f5,682291654482722a6a61e38e,false,false,Tue May 13 2025 00:25:09 GMT+0000 (Coordinated Universal Time),Mon Jul 06 2026 20:16:52 GMT+0000 (Coordinated Universal Time),Tue Jul 07 2026 00:19:00 GMT+0000 (Coordinated Universal Time),40
Spreads,spreads,635dad3996e6ef534a5fb681,653ad7e5e882f528b34b59f5,6822917deda66a114b72e95e,false,false,Tue May 13 2025 00:25:33 GMT+0000 (Coordinated Universal Time),Mon Jul 06 2026 20:16:32 GMT+0000 (Coordinated Universal Time),Tue Jul 07 2026 00:19:00 GMT+0000 (Coordinated Universal Time),39
Stews,stews,635dad3996e6ef534a5fb681,653ad7e5e882f528b34b59f5,68229199c9f571019c14c50e,false,false,Tue May 13 2025 00:26:01 GMT+0000 (Coordinated Universal Time),Mon Jul 06 2026 20:17:04 GMT+0000 (Coordinated Universal Time),Tue Jul 07 2026 00:19:00 GMT+0000 (Coordinated Universal Time),41
Sushi,sushi,635dad3996e6ef534a5fb681,653ad7e5e882f528b34b59f5,6824e05db15a80758db96ffa,false,false,Wed May 14 2025 18:26:37 GMT+0000 (Coordinated Universal Time),Mon Jul 06 2026 20:17:26 GMT+0000 (Coordinated Universal Time),Tue Jul 07 2026 00:19:00 GMT+0000 (Coordinated Universal Time),42
Tomatoes with Lemon,tomatoes-with-lemon,635dad3996e6ef534a5fb681,653ad7e5e882f528b34b59f5,67bfc95552b3f6342bef6800,false,false,Thu Feb 27 2025 02:09:25 GMT+0000 (Coordinated Universal Time),Fri Aug 14 2026 01:24:00 GMT+0000 (Coordinated Universal Time),Mon Aug 17 2026 21:15:01 GMT+0000 (Coordinated Universal Time),46
Toppings,toppings,635dad3996e6ef534a5fb681,653ad7e5e882f528b34b59f5,682292b2ddc516d9fc64394a,false,false,Tue May 13 2025 00:30:42 GMT+0000 (Coordinated Universal Time),Fri Aug 14 2026 01:23:52 GMT+0000 (Coordinated Universal Time),Mon Aug 17 2026 21:15:01 GMT+0000 (Coordinated Universal Time),45
Wraps,wraps,635dad3996e6ef534a5fb681,653ad7e5e882f528b34b59f5,682292d9c9f571019c159567,false,false,Tue May 13 2025 00:31:21 GMT+0000 (Coordinated Universal Time),Fri Aug 14 2026 01:24:58 GMT+0000 (Coordinated Universal Time),Mon Aug 17 2026 21:15:01 GMT+0000 (Coordinated Universal Time),48
Vegetables,vegetables,635dad3996e6ef534a5fb681,653ad7e5e882f528b34b59f5,6a4c0d95e06e979bd37f09d7,false,false,Mon Jul 06 2026 20:18:29 GMT+0000 (Coordinated Universal Time),Fri Aug 14 2026 01:24:27 GMT+0000 (Coordinated Universal Time),Mon Aug 17 2026 21:15:01 GMT+0000 (Coordinated Universal Time),4
Tea,tea,635dad3996e6ef534a5fb681,653ad7e5e882f528b34b59f5,6a78c8697e6816676b244beb,false,false,Sun Aug 09 2026 18:35:21 GMT+0000 (Coordinated Universal Time),Sun Aug 09 2026 18:35:21 GMT+0000 (Coordinated Universal Time),Sun Aug 09 2026 18:35:21 GMT+0000 (Coordinated Universal Time),43
Thanksgiving,thanksgiving,635dad3996e6ef534a5fb681,653ad7e5e882f528b34b59f5,6a7e6e1f38108c7abf6b364e,false,false,Fri Aug 14 2026 01:23:43 GMT+0000 (Coordinated Universal Time),Fri Aug 14 2026 01:25:39 GMT+0000 (Coordinated Universal Time),Mon Aug 17 2026 21:15:01 GMT+0000 (Coordinated Universal Time),44
